query,text,label
如何学习机器学习,机器学习是人工智能的一个重要分支，它使计算机能够从数据中学习并做出预测或决策。,1
什么是深度学习,深度学习是机器学习的一个子领域，它使用多层神经网络来模拟人脑的工作方式。,1
Python编程入门,Python是一种高级编程语言，以其简洁的语法和强大的功能而闻名。,0
数据科学基础,数据科学结合了统计学、计算机科学和领域专业知识来从数据中提取洞察。,1
神经网络原理,神经网络是由相互连接的神经元组成的计算模型，能够识别复杂的模式。,1
自然语言处理,自然语言处理是人工智能的一个分支，专注于计算机与人类语言之间的交互。,1
计算机视觉应用,计算机视觉使计算机能够从图像或视频中获取高层次的理解。,1
算法设计与分析,算法是解决特定问题的一系列明确步骤，分析算法的效率对于优化程序性能至关重要。,0
数据库管理系统,数据库管理系统是用于创建、管理和操作数据库的软件。,0
软件工程实践,软件工程涉及系统化、规范化的方法来开发、操作和维护软件。,0
人工智能伦理,人工智能伦理研究AI系统开发和使用中的道德问题和挑战。,1
云计算技术,云计算提供按需访问的计算资源，包括存储、处理能力和应用程序。,0
大数据分析,大数据分析处理大量、高速和多样化的数据集以发现模式和洞察。,1
物联网安全,物联网安全关注保护连接设备和网络免受网络威胁。,0
区块链技术,区块链是一种分布式账本技术，以其去中心化和安全性而闻名。,0
机器学习算法,机器学习算法包括监督学习、无监督学习和强化学习等多种类型。,1
数据挖掘技术,数据挖掘是从大量数据中发现模式和知识的过程。,1
Web开发框架,Web开发框架如Django和Flask简化了Web应用程序的创建。,0
移动应用开发,移动应用开发涉及为智能手机和平板电脑创建应用程序。,0
DevOps实践,DevOps结合了软件开发和IT运维，以缩短开发周期并提高部署质量。,0
量子计算基础,量子计算利用量子力学原理来执行传统计算机难以处理的计算。,1
增强现实技术,增强现实将数字信息叠加到现实世界视图上，创造沉浸式体验。,1
虚拟现实应用,虚拟现实创造完全数字化的环境，用户可以在其中进行交互。,1
边缘计算架构,边缘计算将计算资源更接近数据源，减少延迟并提高效率。,0
5G网络技术,5G网络提供更快的数据传输速度和更低的延迟，支持更多连接设备。,0
网络安全防护,网络安全保护计算机系统和网络免受数字攻击和未授权访问。,0
人工智能医疗,人工智能在医疗领域的应用包括疾病诊断、药物发现和个性化治疗。,1
自动驾驶技术,自动驾驶汽车使用传感器、摄像头和AI来导航和驾驶。,1
智能推荐系统,推荐系统使用算法来预测用户偏好并提供个性化建议。,1
语音识别技术,语音识别将口语转换为文本，使人机交互更加自然。,1
图像识别应用,图像识别使计算机能够识别和分类图像中的对象和场景。,1
情感分析技术,情感分析确定文本中表达的情感倾向，如正面、负面或中性。,1
知识图谱构建,知识图谱是表示实体之间关系的结构化知识库。,1
强化学习算法,强化学习通过试错来学习最优策略，以最大化累积奖励。,1
迁移学习方法,迁移学习将从一个任务学到的知识应用到相关的新任务中。,1
联邦学习框架,联邦学习允许多个设备协作训练模型，同时保持数据本地化。,1
生成对抗网络,生成对抗网络由生成器和判别器组成，能够创建逼真的合成数据。,1
注意力机制,注意力机制使模型能够专注于输入数据的相关部分。,1
Transformer架构,Transformer是一种基于注意力机制的神经网络架构，在NLP任务中表现出色。,1
预训练语言模型,预训练语言模型在大规模文本数据上进行预训练，然后针对特定任务进行微调。,1
多模态学习,多模态学习结合来自不同模态（如文本、图像、音频）的数据。,1
自监督学习,自监督学习从未标记的数据中生成监督信号来训练模型。,1
小样本学习,小样本学习使模型能够从很少的示例中学习新概念。,1
持续学习方法,持续学习使模型能够不断学习新任务而不会忘记旧任务。,1
可解释AI,可解释AI旨在使AI系统的决策过程更加透明和可理解。,1
AI模型优化,AI模型优化包括模型压缩、量化和剪枝等技术，以提高效率。,1
分布式训练,分布式训练在多个计算节点上并行训练模型，以加速训练过程。,1
超参数调优,超参数调优寻找模型的最佳超参数组合，以提高性能。,1
模型评估指标,模型评估指标如准确率、精确率、召回率和F1分数用于衡量模型性能。,0
数据预处理技术,数据预处理包括清洗、转换和准备数据以供模型使用。,0
特征工程方法,特征工程创建和选择最相关的特征以提高模型性能。,0
集成学习策略,集成学习结合多个模型的预测以提高整体性能和鲁棒性。,1
在线学习算法,在线学习模型在新数据到达时持续更新，适应数据分布的变化。,1
异常检测技术,异常检测识别与正常模式显著不同的数据点。,1
时间序列分析,时间序列分析处理按时间顺序排列的数据点，预测未来趋势。,1
图神经网络,图神经网络专门处理图结构数据，如社交网络和分子结构。,1
元学习方法,元学习学习如何学习，使模型能够快速适应新任务。,1
神经架构搜索,神经架构搜索自动发现最优的神经网络架构。,1
自编码器模型,自编码器学习数据的紧凑表示，用于降维和特征学习。,1
变分自编码器,变分自编码器是自编码器的概率版本，能够生成新的数据样本。,1
流模型,流模型通过可逆变换将简单分布映射到复杂数据分布。,1
扩散模型,扩散模型通过逐步添加和去除噪声来生成高质量数据。,1
对比学习,对比学习通过比较相似和不相似的样本对来学习表示。,1
掩码语言建模,掩码语言建模预测被掩盖的token，是预训练语言模型的常用方法。,1
因果推断,因果推断确定变量之间的因果关系，而不仅仅是相关性。,1
鲁棒性研究,鲁棒性研究模型对输入扰动和对抗攻击的抵抗能力。,1
公平性AI,公平性AI确保模型决策对不同群体都是公平和无偏见的。,1
隐私保护技术,隐私保护技术如差分隐私保护数据中的敏感信息。,1
绿色AI,绿色AI关注减少AI系统的能源消耗和环境影响。,1
AI芯片设计,AI芯片专门为加速AI计算而设计的硬件。,1
量子机器学习,量子机器学习结合量子计算和机器学习的优势。,1
神经符号AI,神经符号AI结合神经网络和符号推理的优点。,1
通用人工智能,通用人工智能旨在创建具有人类水平智能的AI系统。,1
AI安全研究,AI安全研究确保AI系统的行为符合人类价值观和意图。,1
人机协作,人机协作探索人类和AI系统如何有效合作。,1
创意AI应用,创意AI在艺术、音乐和文学等创意领域的应用。,1
AI教育应用,AI在教育中的应用包括个性化学习和智能辅导系统。,1
AI金融科技,AI在金融领域的应用包括风险评估、欺诈检测和算法交易。,1
AI智能制造,AI在制造业的应用包括预测性维护和质量控制。,1
AI农业技术,AI在农业中的应用包括作物监测、产量预测和精准农业。,1
AI环境监测,AI用于环境监测、气候变化分析和野生动物保护。,1
AI城市规划,AI在城市规划中的应用包括交通优化和资源分配。,1
AI法律科技,AI在法律领域的应用包括合同分析和法律研究。,1
AI娱乐产业,AI在娱乐产业的应用包括内容推荐和游戏AI。,1
AI健康管理,AI在健康管理中的应用包括疾病预测和健康监测。,1
AI社交网络,AI在社交网络中的应用包括内容审核和用户行为分析。,1
AI电子商务,AI在电子商务中的应用包括个性化推荐和需求预测。,1
AI物流优化,AI在物流中的应用包括路线优化和库存管理。,1
AI能源管理,AI在能源管理中的应用包括电网优化和能源消耗预测。,1
AI旅游服务,AI在旅游服务中的应用包括个性化推荐和智能客服。,1
AI体育分析,AI在体育分析中的应用包括表现评估和战术分析。,1
AI音乐创作,AI在音乐创作中的应用包括作曲和音乐生成。,1
AI艺术创作,AI在艺术创作中的应用包括绘画和设计生成。,1
AI写作辅助,AI在写作辅助中的应用包括语法检查和内容生成。,1
AI翻译服务,AI在翻译服务中的应用包括实时翻译和多语言处理。,1
AI语音合成,AI在语音合成中的应用包括自然语音生成和语音克隆。,1
AI视频处理,AI在视频处理中的应用包括视频分析和视频生成。,1
AI图像生成,AI在图像生成中的应用包括图像合成和风格迁移。,1
AI文本生成,AI在文本生成中的应用包括文章写作和对话系统。,1
AI代码生成,AI在代码生成中的应用包括自动编程和代码补全。,1
AI游戏开发,AI在游戏开发中的应用包括NPC行为和游戏测试。,1
AI虚拟助手,AI在虚拟助手中的应用包括智能对话和任务执行。,1
AI智能家居,AI在智能家居中的应用包括设备控制和环境监测。,1
AI自动驾驶,AI在自动驾驶中的应用包括环境感知和路径规划。,1
AI机器人技术,AI在机器人技术中的应用包括运动控制和任务执行。,1
AI无人机系统,AI在无人机系统中的应用包括自主飞行和任务执行。,1
AI卫星技术,AI在卫星技术中的应用包括图像分析和数据处理。,1
AI海洋探索,AI在海洋探索中的应用包括海洋生物监测和资源勘探。,1
AI太空探索,AI在太空探索中的应用包括行星分析和任务规划。,1
AI医疗诊断,AI在医疗诊断中的应用包括疾病检测和诊断辅助。,1
AI药物研发,AI在药物研发中的应用包括分子设计和药物筛选。,1
AI基因分析,AI在基因分析中的应用包括基因测序和疾病预测。,1
AI医学影像,AI在医学影像中的应用包括图像分析和疾病诊断。,1
AI健康监测,AI在健康监测中的应用包括生理信号分析和健康预警。,1
AI康复治疗,AI在康复治疗中的应用包括康复训练和治疗效果评估。,1
AI心理健康,AI在心理健康中的应用包括情绪分析和心理治疗辅助。,1
AI营养管理,AI在营养管理中的应用包括饮食建议和营养分析。,1
AI运动训练,AI在运动训练中的应用包括动作分析和训练计划制定。,1
AI睡眠分析,AI在睡眠分析中的应用包括睡眠质量评估和睡眠障碍诊断。,1
AI疼痛管理,AI在疼痛管理中的应用包括疼痛评估和治疗方案制定。,1
AI老年护理,AI在老年护理中的应用包括健康监测和生活辅助。,1
AI儿童教育,AI在儿童教育中的应用包括个性化学习和能力评估。,1
AI特殊教育,AI在特殊教育中的应用包括个性化教学和辅助技术。,1
AI职业培训,AI在职业培训中的应用包括技能评估和培训计划制定。,1
AI语言学习,AI在语言学习中的应用包括发音评估和个性化教学。,1
AI数学教育,AI在数学教育中的应用包括问题解答和学习路径规划。,1
AI科学教育,AI在科学教育中的应用包括实验模拟和概念解释。,1
AI历史教育,AI在历史教育中的应用包括历史事件重现和历史分析。,1
AI地理教育,AI在地理教育中的应用包括地图分析和地理信息系统。,1
AI艺术教育,AI在艺术教育中的应用包括创作指导和艺术欣赏。,1
AI音乐教育,AI在音乐教育中的应用包括音乐理论和演奏指导。,1
AI体育教育,AI在体育教育中的应用包括动作分析和训练指导。,1
AI健康教育,AI在健康教育中的应用包括健康知识普及和行为指导。,1
AI安全教育,AI在安全教育中的应用包括风险识别和安全培训。,1
AI环境教育,AI在环境教育中的应用包括环境监测和环保意识培养。,1
AI文化教育,AI在文化教育中的应用包括文化传承和文化交流。,1
AI伦理教育,AI在伦理教育中的应用包括伦理决策和价值观培养。,1
AI创新教育,AI在创新教育中的应用包括创意培养和创新思维训练。,1
AI批判思维,AI在批判思维教育中的应用包括逻辑分析和问题解决。,1
AI协作学习,AI在协作学习中的应用包括小组协作和知识共享。,1
AI自主学习,AI在自主学习中的应用包括学习计划制定和学习进度跟踪。,1
AI终身学习,AI在终身学习中的应用包括个性化推荐和学习资源整合。,1
AI跨学科学习,AI在跨学科学习中的应用包括知识整合和跨领域问题解决。,1
AI项目学习,AI在项目学习中的应用包括项目规划和成果评估。,1
AI体验学习,AI在体验学习中的应用包括情境模拟和实践指导。,1
AI游戏化学习,AI在游戏化学习中的应用包括游戏设计和学习激励。,1
AI虚拟现实学习,AI在虚拟现实学习中的应用包括虚拟环境创建和沉浸式体验。,1
AI增强现实学习,AI在增强现实学习中的应用包括现实增强和交互式学习。,1
AI混合现实学习,AI在混合现实学习中的应用包括虚拟和现实的融合体验。,1
AI社交学习,AI在社交学习中的应用包括社交网络分析和协作学习。,1
AI情感学习,AI在情感学习中的应用包括情感识别和情感调节。,1
AI认知学习,AI在认知学习中的应用包括认知过程分析和学习策略优化。,1
AI元认知学习,AI在元认知学习中的应用包括学习监控和自我调节。,1
AI深度学习,AI在深度学习中的应用包括知识建构和批判性思维。,1
AI创造性学习,AI在创造性学习中的应用包括创意激发和创新思维。,1
AI反思性学习,AI在反思性学习中的应用包括学习反思和经验总结。,1
AI探究式学习,AI在探究式学习中的应用包括问题探究和发现学习。,1
AI问题解决学习,AI在问题解决学习中的应用包括问题分析和解决方案制定。,1
AI案例学习,AI在案例学习中的应用包括案例分析和经验借鉴。,1
AI情境学习,AI在情境学习中的应用包括情境创设和真实体验。,1
AI合作学习,AI在合作学习中的应用包括小组协作和集体智慧。,1
AI竞争学习,AI在竞争学习中的应用包括竞赛设计和激励机制。,1
AI个性化学习,AI在个性化学习中的应用包括学习路径定制和内容推荐。,1
AI自适应学习,AI在自适应学习中的应用包括学习难度调整和进度控制。,1
AI智能辅导,AI在智能辅导中的应用包括学习指导和答疑解惑。,1
AI学习分析,AI在学习分析中的应用包括学习行为分析和学习效果评估。,1
AI学习预测,AI在学习预测中的应用包括学习风险预警和学习成果预测。,1
AI学习推荐,AI在学习推荐中的应用包括学习资源推荐和学习路径规划。,1
AI学习评估,AI在学习评估中的应用包括学习过程评估和学习成果评价。,1
AI学习反馈,AI在学习反馈中的应用包括即时反馈和个性化指导。,1
AI学习激励,AI在学习激励中的应用包括学习动机激发和学习兴趣培养。,1
AI学习社区,AI在学习社区中的应用包括社区构建和知识共享。,1
AI学习生态,AI在学习生态中的应用包括学习环境优化和资源整合。,1
AI学习平台,AI在学习平台中的应用包括平台功能优化和用户体验提升。,1
AI学习工具,AI在学习工具中的应用包括工具智能化和功能增强。,1
AI学习内容,AI在学习内容中的应用包括内容生成和个性化定制。,1
AI学习方法,AI在学习方法中的应用包括方法推荐和学习策略优化。,1
AI学习模式,AI在学习模式中的应用包括模式识别和学习风格适配。,1
AI学习目标,AI在学习目标中的应用包括目标设定和进度跟踪。,1
AI学习计划,AI在学习计划中的应用包括计划制定和执行监控。,1
AI学习进度,AI在学习进度中的应用包括进度跟踪和调整建议。,1
AI学习成果,AI在学习成果中的应用包括成果展示和效果评估。,1
AI学习证书,AI在学习证书中的应用包括证书生成和验证。,1
AI学习认证,AI在学习认证中的应用包括认证标准和流程优化。,1
AI学习质量,AI在学习质量中的应用包括质量监控和持续改进。,1
AI学习效率,AI在学习效率中的应用包括效率分析和优化建议。,1
AI学习效果,AI在学习效果中的应用包括效果评估和改进建议。,1
AI学习体验,AI在学习体验中的应用包括体验优化和满意度提升。,1
AI学习价值,AI在学习价值中的应用包括价值评估和投资回报分析。,1
AI学习创新,AI在学习创新中的应用包括创新模式和方法探索。,1
AI学习变革,AI在学习变革中的应用包括变革推动和转型支持。,1
AI学习未来,AI在学习未来中的应用包括趋势预测和发展规划。,1
AI学习挑战,AI在学习挑战中的应用包括挑战识别和应对策略。,1
AI学习机遇,AI在学习机遇中的应用包括机遇发现和把握策略。,1
AI学习趋势,AI在学习趋势中的应用包括趋势分析和前瞻预测。,1
AI学习发展,AI在学习发展中的应用包括发展规划和路径设计。,1
AI学习战略,AI在学习战略中的应用包括战略制定和实施指导。,1
AI学习管理,AI在学习管理中的应用包括管理优化和效率提升。,1
AI学习运营,AI在学习运营中的应用包括运营优化和效果提升。,1
AI学习服务,AI在学习服务中的应用包括服务优化和用户体验提升。,1
AI学习产品,AI在学习产品中的应用包括产品创新和功能优化。,1
AI学习市场,AI在学习市场中的应用包括市场分析和用户洞察。,1
AI学习竞争,AI在学习竞争中的应用包括竞争分析和策略制定。,1
AI学习合作,AI在学习合作中的应用包括合作模式和伙伴关系。,1
AI学习生态,AI在学习生态中的应用包括生态构建和协同发展。,1
AI学习平台,AI在学习平台中的应用包括平台建设和运营管理。,1
AI学习技术,AI在学习技术中的应用包括技术创新和应用推广。,1
AI学习标准,AI在学习标准中的应用包括标准制定和规范实施。,1
AI学习政策,AI在学习政策中的应用包括政策分析和建议制定。,1
AI学习法规,AI在学习法规中的应用包括法规解读和合规指导。,1
AI学习伦理,AI在学习伦理中的应用包括伦理规范和道德指导。,1
AI学习安全,AI在学习安全中的应用包括安全保障和风险防控。,1
AI学习隐私,AI在学习隐私中的应用包括隐私保护和数据安全。,1
AI学习公平,AI在学习公平中的应用包括公平性保障和机会均等。,1
AI学习包容,AI在学习包容中的应用包括包容性设计和无障碍服务。,1
AI学习可持续,AI在学习可持续中的应用包括可持续发展和社会责任。,1
AI学习全球,AI在学习全球中的应用包括全球视野和跨文化理解。,1
AI学习本地,AI在学习本地中的应用包括本地化服务和特色发展。,1
AI学习社区,AI在学习社区中的应用包括社区建设和参与促进。,1
AI学习网络,AI在学习网络中的应用包括网络构建和资源整合。,1
AI学习资源,AI在学习资源中的应用包括资源优化和共享机制。,1
AI学习基础设施,AI在学习基础设施中的应用包括设施建设和维护管理。,1
AI学习环境,AI在学习环境中的应用包括环境优化和体验提升。,1
AI学习文化,AI在学习文化中的应用包括文化建设和氛围营造。,1
AI学习价值观,AI在学习价值观中的应用包括价值引领和理念传播。,1
AI学习使命,AI在学习使命中的应用包括使命确立和责任担当。,1
AI学习愿景,AI在学习愿景中的应用包括愿景规划和目标设定。,1
AI学习理念,AI在学习理念中的应用包括理念创新和实践指导。,1
AI学习思想,AI在学习思想中的应用包括思想引领和理论指导。,1
AI学习理论,AI在学习理论中的应用包括理论构建和实践验证。,1
AI学习实践,AI在学习实践中的应用包括实践探索和经验总结。,1
AI学习经验,AI在学习经验中的应用包括经验积累和知识传承。,1
AI学习智慧,AI在学习智慧中的应用包括智慧生成和知识创新。,1
AI学习知识,AI在学习知识中的应用包括知识管理和价值创造。,1
AI学习能力,AI在学习能力中的应用包括能力培养和素质提升。,1
AI学习技能,AI在学习技能中的应用包括技能训练和实践应用。,1
AI学习素养,AI在学习素养中的应用包括素养培育和全面发展。,1
AI学习品格,AI在学习品格中的应用包括品格塑造和人格完善。,1
AI学习精神,AI在学习精神中的应用包括精神培育和价值引领。,1
AI学习态度,AI在学习态度中的应用包括态度培养和行为引导。,1
AI学习习惯,AI在学习习惯中的应用包括习惯养成和行为矫正。,1
AI学习行为,AI在学习行为中的应用包括行为分析和干预指导。,1
AI学习心理,AI在学习心理中的应用包括心理分析和健康指导。,1
AI学习情感,AI在学习情感中的应用包括情感识别和调节指导。,1
AI学习动机,AI在学习动机中的应用包括动机激发和维持策略。,1
AI学习兴趣,AI在学习兴趣中的应用包括兴趣培养和持久维持。,1
AI学习意志,AI在学习意志中的应用包括意志锻炼和品质培养。,1
AI学习注意力,AI在学习注意力中的应用包括注意力训练和集中策略。,1
AI学习记忆力,AI在学习记忆力中的应用包括记忆力训练和提升方法。,1
AI学习思维,AI在学习思维中的应用包括思维训练和能力提升。,1
AI学习创造力,AI在学习创造力中的应用包括创造力培养和创新思维。,1
AI学习想象力,AI在学习想象力中的应用包括想象力激发和创意培养。,1
AI学习观察力,AI在学习观察力中的应用包括观察力训练和敏锐度提升。,1
AI学习分析力,AI在学习分析力中的应用包括分析力训练和逻辑思维。,1
AI学习判断力,AI在学习判断力中的应用包括判断力训练和决策能力。,1
AI学习解决力,AI在学习解决力中的应用包括解决力训练和问题解决。,1
AI学习应用力,AI在学习应用力中的应用包括应用力训练和实践能力。,1
AI学习创新力,AI在学习创新力中的应用包括创新力培养和创造能力。,1
AI学习领导力,AI在学习领导力中的应用包括领导力培养和团队协作。,1
AI学习沟通力,AI在学习沟通力中的应用包括沟通力训练和表达能力。,1
AI学习合作力,AI在学习合作力中的应用包括合作力培养和团队精神。,1
AI学习适应力,AI在学习适应力中的应用包括适应力培养和环境适应。,1
AI学习竞争力,AI在学习竞争力中的应用包括竞争力培养和优势构建。,1
AI学习发展力,AI在学习发展力中的应用包括发展力培养和持续成长。,1
AI学习变革力,AI在学习变革力中的应用包括变革力培养和创新突破。,1
AI学习影响力,AI在学习影响力中的应用包括影响力培养和价值传播。,1
AI学习执行力,AI在学习执行力中的应用包括执行力培养和目标达成。,1
AI学习控制力,AI在学习控制力中的应用包括控制力培养和自我管理。,1
AI学习规划力,AI在学习规划力中的应用包括规划力培养和目标设定。,1
AI学习组织力,AI在学习组织力中的应用包括组织力培养和资源整合。,1
AI学习协调力,AI在学习协调力中的应用包括协调力培养和关系处理。,1
AI学习决策力,AI在学习决策力中的应用包括决策力培养和选择能力。,1
AI学习预测力,AI在学习预测力中的应用包括预测力培养和趋势判断。,1
AI学习评估力,AI在学习评估力中的应用包括评估力培养和价值判断。,1
AI学习反思力,AI在学习反思力中的应用包括反思力培养和经验总结。,1
AI学习改进力,AI在学习改进力中的应用包括改进力培养和持续优化。,1
AI学习完善力,AI在学习完善力中的应用包括完善力培养和精益求精。,1
AI学习提升力,AI在学习提升力中的应用包括提升力培养和不断进步。,1
AI学习突破力,AI在学习突破力中的应用包括突破力培养和创新超越。,1
AI学习超越力,AI在学习超越力中的应用包括超越力培养和自我超越。,1
AI学习卓越力,AI在学习卓越力中的应用包括卓越力培养和追求卓越。,1
AI学习完美力,AI在学习完美力中的应用包括完美力培养和精益求精。,1
AI学习极致力,AI在学习极致力中的应用包括极致力培养和追求极致。,1
AI学习巅峰力,AI在学习巅峰力中的应用包括巅峰力培养和达到巅峰。,1
AI学习顶尖力,AI在学习顶尖力中的应用包括顶尖力培养和达到顶尖。,1
AI学习领先力,AI在学习领先力中的应用包括领先力培养和保持领先。,1
AI学习引领力,AI在学习引领力中的应用包括引领力培养和行业引领。,1
AI学习标杆力,AI在学习标杆力中的应用包括标杆力培养和树立标杆。,1
AI学习示范力,AI在学习示范力中的应用包括示范力培养和榜样作用。,1
AI学习榜样力,AI在学习榜样力中的应用包括榜样力培养和示范引领。,1
AI学习模范力,AI在学习模范力中的应用包括模范力培养和模范作用。,1
AI学习典范力,AI在学习典范力中的应用包括典范力培养和典范作用。,1
AI学习楷模力,AI在学习楷模力中的应用包括楷模力培养和楷模作用。,1
AI学习表率力,AI在学习表率力中的应用包括表率力培养和表率作用。,1
AI学习先锋力,AI在学习先锋力中的应用包括先锋力培养和先锋作用。,1
AI学习旗帜力,AI在学习旗帜力中的应用包括旗帜力培养和旗帜作用。,1
AI学习旗帜,AI在学习旗帜中的应用包括旗帜树立和方向引领。,1
AI学习方向,AI在学习方向中的应用包括方向确定和路径规划。,1
AI学习路径,AI在学习路径中的应用包括路径设计和实施指导。,1
AI学习道路,AI在学习道路中的应用包括道路选择和发展规划。,1
AI学习征程,AI在学习征程中的应用包括征程规划和目标达成。,1
AI学习旅程,AI在学习旅程中的应用包括旅程规划和体验优化。,1
AI学习探索,AI在学习探索中的应用包括探索精神和发现能力。,1
AI学习发现,AI在学习发现中的应用包括发现能力和创新思维。,1
AI学习创造,AI在学习创造中的应用包括创造能力和创新成果。,1
AI学习创新,AI在学习创新中的应用包括创新精神和创新能力。,1
AI学习突破,AI在学习突破中的应用包括突破精神和突破能力。,1
AI学习超越,AI在学习超越中的应用包括超越精神和超越能力。,1
AI学习卓越,AI在学习卓越中的应用包括卓越精神和卓越能力。,1
AI学习完美,AI在学习完美中的应用包括完美精神和完美能力。,1
AI学习极致,AI在学习极致中的应用包括极致精神和极致能力。,1
AI学习巅峰,AI在学习巅峰中的应用包括巅峰精神和巅峰能力。,1
AI学习顶尖,AI在学习顶尖中的应用包括顶尖精神和顶尖能力。,1
AI学习领先,AI在学习领先中的应用包括领先精神和领先能力。,1
AI学习引领,AI在学习引领中的应用包括引领精神和引领能力。,1
AI学习标杆,AI在学习标杆中的应用包括标杆精神和标杆能力。,1
AI学习示范,AI在学习示范中的应用包括示范精神和示范能力。,1
AI学习榜样,AI在学习榜样中的应用包括榜样精神和榜样能力。,1
AI学习模范,AI在学习模范中的应用包括模范精神和模范能力。,1
AI学习典范,AI在学习典范中的应用包括典范精神和典范能力。,1
AI学习楷模,AI在学习楷模中的应用包括楷模精神和楷模能力。,1
AI学习表率,AI在学习表率中的应用包括表率精神和表率能力。,1
AI学习先锋,AI在学习先锋中的应用包括先锋精神和先锋能力。,1
AI学习旗帜,AI在学习旗帜中的应用包括旗帜精神和旗帜能力。,1
AI学习精神,AI在学习精神中的应用包括精神培育和价值引领。,1
AI学习文化,AI在学习文化中的应用包括文化建设和氛围营造。,1
AI学习理念,AI在学习理念中的应用包括理念创新和实践指导。,1
AI学习思想,AI在学习思想中的应用包括思想引领和理论指导。,1
AI学习理论,AI在学习理论中的应用包括理论构建和实践验证。,1
AI学习实践,AI在学习实践中的应用包括实践探索和经验总结。,1
AI学习经验,AI在学习经验中的应用包括经验积累和知识传承。,1
AI学习智慧,AI在学习智慧中的应用包括智慧生成和知识创新。,1
AI学习知识,AI在学习知识中的应用包括知识管理和价值创造。,1
AI学习能力,AI在学习能力中的应用包括能力培养和素质提升。,1
AI学习技能,AI在学习技能中的应用包括技能训练和实践应用。,1
AI学习素养,AI在学习素养中的应用包括素养培育和全面发展。,1
AI学习品格,AI在学习品格中的应用包括品格塑造和人格完善。,1
AI学习态度,AI在学习态度中的应用包括态度培养和行为引导。,1
AI学习习惯,AI在学习习惯中的应用包括习惯养成和行为矫正。,1
AI学习行为,AI在学习行为中的应用包括行为分析和干预指导。,1
AI学习心理,AI在学习心理中的应用包括心理分析和健康指导。,1
AI学习情感,AI在学习情感中的应用包括情感识别和调节指导。,1
AI学习动机,AI在学习动机中的应用包括动机激发和维持策略。,1
AI学习兴趣,AI在学习兴趣中的应用包括兴趣培养和持久维持。,1
AI学习意志,AI在学习意志中的应用包括意志锻炼和品质培养。,1
AI学习注意力,AI在学习注意力中的应用包括注意力训练和集中策略。,1
AI学习记忆力,AI在学习记忆力中的应用包括记忆力训练和提升方法。,1
AI学习思维,AI在学习思维中的应用包括思维训练和能力提升。,1
AI学习创造力,AI在学习创造力中的应用包括创造力培养和创新思维。,1
AI学习想象力,AI在学习想象力中的应用包括想象力激发和创意培养。,1
AI学习观察力,AI在学习观察力中的应用包括观察力训练和敏锐度提升。,1
AI学习分析力,AI在学习分析力中的应用包括分析力训练和逻辑思维。,1
AI学习判断力,AI在学习判断力中的应用包括判断力训练和决策能力。,1
AI学习解决力,AI在学习解决力中的应用包括解决力训练和问题解决。,1
AI学习应用力,AI在学习应用力中的应用包括应用力训练和实践能力。,1
AI学习创新力,AI在学习创新力中的应用包括创新力培养和创造能力。,1
AI学习领导力,AI在学习领导力中的应用包括领导力培养和团队协作。,1
AI学习沟通力,AI在学习沟通力中的应用包括沟通力训练和表达能力。,1
AI学习合作力,AI在学习合作力中的应用包括合作力培养和团队精神。,1
AI学习适应力,AI在学习适应力中的应用包括适应力培养和环境适应。,1
AI学习竞争力,AI在学习竞争力中的应用包括竞争力培养和优势构建。,1
AI学习发展力,AI在学习发展力中的应用包括发展力培养和持续成长。,1
AI学习变革力,AI在学习变革力中的应用包括变革力培养和创新突破。,1
AI学习影响力,AI在学习影响力中的应用包括影响力培养和价值传播。,1
AI学习执行力,AI在学习执行力中的应用包括执行力培养和目标达成。,1
AI学习控制力,AI在学习控制力中的应用包括控制力培养和自我管理。,1
AI学习规划力,AI在学习规划力中的应用包括规划力培养和目标设定。,1
AI学习组织力,AI在学习组织力中的应用包括组织力培养和资源整合。,1
AI学习协调力,AI在学习协调力中的应用包括协调力培养和关系处理。,1
AI学习决策力,AI在学习决策力中的应用包括决策力培养和选择能力。,1
AI学习预测力,AI在学习预测力中的应用包括预测力培养和趋势判断。,1
AI学习评估力,AI在学习评估力中的应用包括评估力培养和价值判断。,1
AI学习反思力,AI在学习反思力中的应用包括反思力培养和经验总结。,1
AI学习改进力,AI在学习改进力中的应用包括改进力培养和持续优化。,1
AI学习完善力,AI在学习完善力中的应用包括完善力培养和精益求精。,1
AI学习提升力,AI在学习提升力中的应用包括提升力培养和不断进步。,1
AI学习突破力,AI在学习突破力中的应用包括突破力培养和创新超越。,1
AI学习超越力,AI在学习超越力中的应用包括超越力培养和自我超越。,1
AI学习卓越力,AI在学习卓越力中的应用包括卓越力培养和追求卓越。,1
AI学习完美力,AI在学习完美力中的应用包括完美力培养和精益求精。,1
AI学习极致力,AI在学习极致力中的应用包括极致力培养和追求极致。,1
AI学习巅峰力,AI在学习巅峰力中的应用包括巅峰力培养和达到巅峰。,1
AI学习顶尖力,AI在学习顶尖力中的应用包括顶尖力培养和达到顶尖。,1
AI学习领先力,AI在学习领先力中的应用包括领先力培养和保持领先。,1
AI学习引领力,AI在学习引领力中的应用包括引领力培养和行业引领。,1
AI学习标杆力,AI在学习标杆力中的应用包括标杆力培养和树立标杆。,1
AI学习示范力,AI在学习示范力中的应用包括示范力培养和榜样作用。,1
AI学习榜样力,AI在学习榜样力中的应用包括榜样力培养和示范引领。,1
AI学习模范力,AI在学习模范力中的应用包括模范力培养和模范作用。,1
AI学习典范力,AI在学习典范力中的应用包括典范力培养和典范作用。,1
AI学习楷模力,AI在学习楷模力中的应用包括楷模力培养和楷模作用。,1
AI学习表率力,AI在学习表率力中的应用包括表率力培养和表率作用。,1
AI学习先锋力,AI在学习先锋力中的应用包括先锋力培养和先锋作用。,1
AI学习旗帜力,AI在学习旗帜力中的应用包括旗帜力培养和旗帜作用。,1
AI学习旗帜,AI在学习旗帜中的应用包括旗帜树立和方向引领。,1
AI学习方向,AI在学习方向中的应用包括方向确定和路径规划。,1
AI学习路径,AI在学习路径中的应用包括路径设计和实施指导。,1
AI学习道路,AI在学习道路中的应用包括道路选择和发展规划。,1
AI学习征程,AI在学习征程中的应用包括征程规划和目标达成。,1
AI学习旅程,AI在学习旅程中的应用包括旅程规划和体验优化。,1
AI学习探索,AI在学习探索中的应用包括探索精神和发现能力。,1
AI学习发现,AI在学习发现中的应用包括发现能力和创新思维。,1
AI学习创造,AI在学习创造中的应用包括创造能力和创新成果。,1
AI学习创新,AI在学习创新中的应用包括创新精神和创新能力。,1
AI学习突破,AI在学习突破中的应用包括突破精神和突破能力。,1
AI学习超越,AI在学习超越中的应用包括超越精神和超越能力。,1
AI学习卓越,AI在学习卓越中的应用包括卓越精神和卓越能力。,1
AI学习完美,AI在学习完美中的应用包括完美精神和完美能力。,1
AI学习极致,AI在学习极致中的应用包括极致精神和极致能力。,1
AI学习巅峰,AI在学习巅峰中的应用包括巅峰精神和巅峰能力。,1
AI学习顶尖,AI在学习顶尖中的应用包括顶尖精神和顶尖能力。,1
AI学习领先,AI在学习领先中的应用包括领先精神和领先能力。,1
AI学习引领,AI在学习引领中的应用包括引领精神和引领能力。,1
AI学习标杆,AI在学习标杆中的应用包括标杆精神和标杆能力。,1
AI学习示范,AI在学习示范中的应用包括示范精神和示范能力。,1
AI学习榜样,AI在学习榜样中的应用包括榜样精神和榜样能力。,1
AI学习模范,AI在学习模范中的应用包括模范精神和模范能力。,1
AI学习典范,AI在学习典范中的应用包括典范精神和典范能力。,1
AI学习楷模,AI在学习楷模中的应用包括楷模精神和楷模能力。,1
AI学习表率,AI在学习表率中的应用包括表率精神和表率能力。,1
AI学习先锋,AI在学习先锋中的应用包括先锋精神和先锋能力。,1
AI学习旗帜,AI在学习旗帜中的应用包括旗帜精神和旗帜能力。,1